user_id, business_id, prediction
vxR_YV0atFxIxfOnF9uHjQ,gTw6PENNGl68ZPUpYWP50A,5.0
o0p-iTC5yTBV5Yab_7es4g,iAuOpYDfOTuzQ6OPpEiGwA,4.0
-qj9ouN0bzMXz1vfEslG-A,5j7BnXXvlS69uLVHrY9Upw,2.0
E43QxgV87Ij6KxMCHcijKw,jUYp798M93Mpcjys_TTgsQ,5.0
T13IBpJITI32a1k41rc-tg,3MntE_HWbNNoyiLGxywjYA,5.0
Q1IENmNc6bdDruACmhy4mg,sPd3E7lFzd_yooiq-ekxtQ,4.0
4bQqil4770ey8GfhBgEGuw,YXohNvMTCmGhFMSQsDZq1g,5.0
0BBUmH7Krcax1RZgbH4fSA,XO2hZb0xC8jTexSHG4SxFg,4.0
QZ_Arlwoj0ghfBvg69rjOw,SUktrYdNQD8k2vvkM4OpfA,5.0
lEw2VL9JCDFk3R5NzahqnA,xVEtGucSRLk5pxxN0t4i6g,4.0
zsZBYWYEmLLs81_f-HHM8w,ZBfp0AT1NOE0ULg3EIYTSA,3.0
uNxXIIFzjHm5r62UTyVjrQ,Zvnm7o2eMaYAEHS8YRn_EQ,5.0
TGrZk61ja7X1ijAGW5lNmg,jCiovc2qHJ5L-_1gigLueQ,2.0
Fv0e9RIV9jw5TX3ctA1WbA,roA-hNugvAwiyVirIFH8Aw,1.0
z4RytucxI_XfcMFaEI2DRg,HPLB1Tr8ZB5UkD-2umKPdA,4.0
vxR_YV0atFxIxfOnF9uHjQ,82YGtjc5KKikNiqBZ33qzw,5.0
y0ZU1w6YY4W-KtMeRXSYLg,UpEVdq_euH-5mqCIgUAd2Q,4.0
BeoFmNoFuz-h8uso-J2_lg,lQpxpk_ZFJ_ZtYNYhJQv8Q,4.0
pMefTWo6gMdx8WhYSA2u3w,34OwRFftkT7t3iBquazJcg,3.0
tYk7mMGGFl3gLfmhST5L-A,cgoHLKJLsAK1ww0_ezNFnw,4.0
Ez8ifxrtOUT5TM4817scOQ,glTBzDHv9wNhEsZa4bQrOA,2.0
KhpA23RweKsO9TDaGpE2xg,B01pO_pI_8AOfEsukGNg-Q,5.0
Bj_MarPEKBe2xN12YimekQ,UPIYuRaZvknINOd1w8kqRQ,5.0
mrru6hbeQLvagU4vkfuqmw,dy0O7DaSUd49NZWSEtvz_g,4.5
UYcmGbelzRa0Q6JqzLoguw,ciDXNLbcwI7qt5guNKZPIw,5.0
0KeT9NKimYkHN0wlrij-dg,A9qmduhmrTZxSg7uTOnzYg,4.0
0nqshyLgABOSyTfJUTthjQ,VyjyHoBg3KC5BSFRlD0ZPQ,4.0
3CMiTAhq_o_GP1tLs-ihbg,MwCai0x6GILtK4KkwufZig,4.0
vSzquh2Ym99tpksfpWH2kg,cJq087T4mHnADzspL3MclQ,5.0
PKEzKWv_FktMm2mGPjwd0Q,0YG_kM5caZhtwd6nbnei6A,3.0
sMm9HOXmBgsBmCKnOmLwyA,dWFUKB_HPBIE87AFBHEb_w,1.0
E0v3KkPKsizW_RW3CKQj-A,as_fyujgsdwtV56n31z-Sw,5.0
en3OMUKWjeON-1-6wo8VrQ,1BrIPwRhJHOp6yBwjoRtgg,5.0
8AwcaBJjiMpQ__FPxktwwQ,BHWIl_wI7P58JrODocBjkg,5.0
ehAvwDt4Fpsz9KPordu5lA,GPX3TnZ0-4pAxKPJUESbeA,3.0
O5VAQ-dbR2Bk0OZLL1L0Ig,SOA7a5EC6cz2shD8CgB_7w,4.0
HVJgTH5qu0goywOHNpOjPA,M8a5DRdXl8KMu4bMFLPgQg,5.0
WJhQpdUHoFCtpU6gHFjVlQ,r4KXghbUeo7mugAzinG9bA,4.0
Ozmf732ox-TNhfKrjWBXpg,Z1yvzAbs4fGC28s7WtUonA,3.0
_VMGbmIeK71rQGwOBWt_Kg,LJQCv30PCIpC3FnvHF5mXQ,4.0
ot0yVHpNJNXNTJvSCD1_nw,MtvN8vMiKcLkkz_tCvBx3g,5.0
h1Vsz24g7TLA9ZfIDiFjbw,s-S2xzhmyWw7TUDet7WBnQ,4.0
bxRQIGQNkvxrmZ1i_cAnKQ,XBEx2FI2GKmsjs7eWNr7Lw,5.0
erQM1caBnCLFzT8v_2uEjA,Lzv68iVkRHstVvW3aXNWkA,1.0
uvRVutQ_Gu-OivL6ox0ouQ,3-HFGxmbzSax-NySJ_LzDg,4.0
sKIsEeWK1kigG9HNfkPfmg,fPISsMIXOYZP1uins2Bwyw,4.0
RylA6VZUTRuMGBu4nHKbCw,qwR_Oy11Nx7l8zoC7Vj3Rg,4.0
vIo7oGd2IMEMMfVMbgDUyg,FedVIzzA592Tchv3XnS18g,5.0
11k3A-_Ifz_86LHvkGRgoQ,VsewHMsfj1Mgsl2i_hio7w,5.0
7hnwrH20r6IiJOAlNOPgcw,w-As0KSwy8pqMClOea-NLQ,5.0
fjFYpwpvlIlqoiNa3myDEA,NJOtdjuLfRfg-Ddi7Au7Vw,3.0
94FDFrBJzciS-pP6MV8bRg,QTVvuhrbBDJfqaTyFOUMkw,2.0
BeeOV-pyDvxP7c6ZwH7bKg,DB9BRdu7is0AK1DvcuKlcw,5.0
CK-W4WhlmLKOZF-50WmmpQ,DxgSVufr_6y_Rc63CC17Zg,3.0
xWk0I0S9KWMB06wKUEDYxg,WDYE-OCXNgKyXGNuBjMgEw,3.5
UtkjXTiMfGRz4R1zDF3Kxg,Zja7ykq3icDzkN20XX6j1w,4.0
hTZb1INhnCG8URaFywVoYQ,SMPbvZLSMMb7KU76YNYMGg,4.0
N3oNEwh0qgPqPP3Em6wJXw,gTw6PENNGl68ZPUpYWP50A,5.0
eigZw_Tn4TWJPSZ9UO9Auw,AV6weBrZFFBfRGCbcRGO4g,3.0
CkqT3yGUeM_9vSbFES_O5w,YXohNvMTCmGhFMSQsDZq1g,5.0
0qIelmM4NjI5Y5b_VQI-Qg,ENzLJkb8eXP8fGBzG5aGXg,5.0
c3DfRslN9pM-34shCBYpzA,rFb9J1njudA6j7zym5hL1Q,4.0
p9TNT6pNKRuvBSzNf27JkQ,Lc31HveLiuaxVEt0cvZO7Q,4.0
PF07QY_dBTNGavc8CYBv5w,ii_zDR8crbQVJehMMWoCkQ,3.0
HRNysSGlkeq-Fjud0k0Y4Q,k9RUMKASTB6QZ-NkfnN8Fg,3.0
omYjiX9WyiBhyjX-0EEKUQ,0InA3Ffj8MxyQV9hgsyYcQ,4.0
tbEeWhU5HG3ujzKWZBNzQg,sNVGdeOPeitJ3OWUQBINzQ,3.0
IduEiOzDSIMlAGnOMPfSvw,OktwRjOI1nCaq5_AJMWWDQ,5.0
-HcirMcpUDd3GvexCOCCzg,mPeD3z6k0JLNZIM9ow9hrg,5.0
mYcRL0cJtHeXRBup5wwppQ,Gdv3qhsDeQzZ2Ag-Tzq6vA,4.0
m-BZLIIh5PCAKnzH0qj_0Q,-hsFN8VQvH26M0WZ3k1Wtg,5.0
FSyrMp4pGdBd456MkCO8WQ,RGq0qjn2ifmnRWTJ8bfOPw,4.0
wXZS42D0L8hoCiSh2Krc_A,cYwJA2A6I12KNkm2rtXd5g,5.0
CrEBVkzIQs7tS-wWfaCjNQ,7pkiQvVfcsa-wtBEeNHHUg,5.0
EjivzO1K8IJP8qCkX9U3qA,0LU8TLoYmMf6_ujYMPFGJg,3.0
wwPSdOrW0jVNgzr8whD0Jw,_K63HbZBVQSBCvQicQdl-A,5.0
d5WLqmTMvmL7-RmUDVKqqQ,xkdgCrkgfbI80Htst6-Lbw,3.0
JnPIjvC0cmooNDfsa9BmXg,_eJ2ETotJBzZBQS15fD-8A,1.0
5YXcnjNQ1PsJK0GznDBH9Q,W3K_5U2KEw0gxK7cvuB2mw,5.0
NZPoW7bv_62nAJ-yXpVl1g,L3R7y3_tUKQlM9kor4-Ccw,2.0
VSRtEK_c84oJygZ0OX0Oqg,f9sU31meK0bqAD7922sCog,4.5
RD-f1At-TwojTfXFuyN5ag,flCF_Vp9NOpTVeGv673nSg,2.0
b7rchNJEp6Gaw0bHR-4s4g,8eSmXnZG0N1GRsqiFeU9uA,4.0
11gxVnIOvxL5PI4Ur9qa2g,UMqfeCItzQ2glr4d9apGlA,3.5
wbvjiDpw0FoZDeqbzAIcDQ,qWSwDbtJRBvKTiMpH3rNLQ,4.0
XE36pmSiByd4YtSiPkn9_A,ER0rUoLqAJQ2Mlv2_GnwyQ,4.0
-srZqmR83vjSfR6PSUyVUA,ii8sAGBexBOJoYRFafF9XQ,4.0
E5Fbnoe5f5a74A5auXjiBg,f9sU31meK0bqAD7922sCog,4.5
8Sx-NgLzyCBBWT-IKBt9Fw,kRhjWeAPs-U5RmakIKz0Pg,3.0
atXRV9crRDO2VzP6XOquJg,OK_djnmJWmK4G3NMAjGGjg,3.0
fLnkI1uHtXEsjtF6KoBHbQ,xoGPeHR2RPnJW470-aYBUQ,4.0
1dwa6Wkp0chKBcrRuO05lA,ByFMv3p5X1aNeZhU61rDcA,4.0
bCLqNCdhUdsmTj9Braespg,ttuEwktrkmh3TUlSFPZqAA,4.0
2pVj1Hid6_Iq3Th9xI0aOQ,wT1mRdUeZRNgMB81s3dJDw,4.0
DIdq2t1_ra6g5JcexYHuOQ,YavRvjbLsvh4DYDJPAfJIA,2.0
XdLQep9R3V7EHwW2fjgK-g,CZhc8YXdFLhAI4ViC2ERTg,4.0
aUlnMALjy4sXJP1KxjuX1g,4XH5nRjUVKyRNituBAwW6A,3.0
4V6vZgVCfEfYwXFK3tnTQQ,RrCgc8eAKbHu-2IpQXg6Rw,5.0
CwzhFRwIkYFGkaggG0sTlA,xaJS4YP0lISl2V5z2qA3GQ,4.0
reN-Y7lIjv3VW21I4Z8WHQ,XaVHqVByyKswE0wV-B0HRg,4.0
jI43jHCXx1R-gg_vYcQWww,P7CQtFeORdYNO2_305rEbw,3.0
-PAOMIe7lqq1x5GB1pcKMg,me17NOULVwu40AdKGYHIaQ,3.0
i6V3NyTdkBVwPpH7r2BINA,9XLH_grfIYKR7d5ZT9ZX_A,2.0
U2OB6OngndDXcYML0dlq-Q,d_L-rfS1vT3JMzgCUGtiow,5.0
bEVFXdlFYzZzXsYY1DmXQg,HaPwC4nxs6RPfe1pAQkQ4A,2.0
7weuSPSSqYLUFga6IYP4pg,KhvuMJpYNNySVxsu2o1eqg,3.0
uNxXIIFzjHm5r62UTyVjrQ,8J4oT58-Nc-q1bpF9CRTpw,5.0
mC-Nq-FfHJb-8OTWOh0pxw,RwMLuOkImBIqqYj4SSKSPg,3.0
7Oe6ikklTjVBbEFw9emLcA,hF1lFkVkhX55fZsy0Zj7Xg,2.0
1kNsEAhGU8d8xugMuXJGFA,s-S2xzhmyWw7TUDet7WBnQ,4.0
SlgpAnj2gQd44EM_Uq6DkQ,rNoMSO6AsegKb9-p6Ir7SQ,4.0
UrfsVABrFs_Vu1HGrm37QA,El4FC8jcawUVgw_0EIcbaQ,1.0
Y3PQ5P_R7jcgiIS_1dIv-w,UYh1N1xQhOh-a7nX92xPzQ,3.0
sbb2XUj9aYh5zP6gTJ14lw,S1t1kRnoiB1j3u7bRkjlvA,3.0
FRvKvr1-AsUaCBuxaoxnCg,dztcNrIVDg6D-6sFOOofDA,5.0
wLc6l8v7O9hXjrDi3Q7tyw,OzcvQqt_copeLRCT2OHrfA,5.0
hFCUoOVs1rA4FX9Vps9fsg,NvKNe9DnQavC9GstglcBJQ,4.5
o5hk57cqhWnV1sULPvq1jw,TLMysu1mWiLEslCBon5W1g,4.0
wd3xoNaDLib8dhQ7BxUl6g,g-kRq6VKB5ld00OOpJvaTg,5.0
Ytjon2aVUm09CMdfGJxZYg,993MaVXjU2qhmQQYR_mdVg,5.0
aBNY0ESv9NqIHNW2h24HYg,rbcfYmJtqwIkk17IeOI5Kw,4.0
rNjgVKaBh1PlUA6dYB6EUw,M51gw2cz_vXarNBLbKkOxQ,5.0
aIg29snwGTFBzkV7HtDHfg,7Cm5SCTu7LePBCXTUaEiwQ,1.0
tLl6nrX280K-7crTpeTwTw,-FtngCwHCD2tRlH8jpj_Ag,1.0
cv2350a9GpY9u4j3JjNt9w,fy6srT4KpbE7ICBLdypEuQ,4.0
k6AIp3UhjeTErmR2NZUFYQ,v0a2G9zBDM3hVprzSy39Kw,4.0
WL_U3MBUfTkeHL9lYxoleg,F2pfjAZ_3dMTGCKv6c5wOw,4.5
fRVNHAl2RjosC67Y67G3cA,IOh3JJfKeauQ7SudTrc8mQ,1.0
0J9mtVJ4_QGsXYVK8qJzOQ,QePLHlU8MFaU2Sf9dzoLTg,3.0
4oSao9GTLxFTurp9NFpE4Q,jXHmmircEbhQmZjWDR1xIA,5.0
aD263WOD4RShoqgvVhcKqQ,vjSlRnCoLKa9p1bVXZtXtg,4.0
Uit6vvFxthHbwOHIYI0sfQ,f_eiOrEcMnkHB7GvQVOHkQ,1.5
Sd357RRT7uLQ3v52aQaLqw,Az_60nNuh1FH8Ds8oasZjw,5.0
-5e4VTnu_pR4Gpv3VSncaw,ZBfp0AT1NOE0ULg3EIYTSA,3.0
-DPkNlW9tR4qfZpoQW4Vjg,8xPmlVJy2o6x0J04CBpEMQ,4.0
me7RdUuFmpOqrTIlFlmXtg,vktRU6PlvaCLoJEc_IADlg,4.0
Wx7cbLDqYEL3_aVZwh82Ww,0Xr0kte9ADAfZ-GBO-wimg,1.0
9efCzgW1smpgjdjzCxG-Ig,upB0RQl-l529IVwgOpwOQQ,3.0
ZjGCExG23UcQdQyLPYZX4A,jCNBZnkIFv_0omLVTgNR6Q,5.0
CkIAxw9kyWhEdPv9dy2VBA,5YKsKS3nzdkwu37ORT9oiQ,4.0
29DWe8SD_RCeZ_A6ihxnhQ,ugLqbAvBdRDc-gS4hpslXw,4.0
kzRq4H_nSf4b3F_sdymWSw,k25EFzUUx0Gq9MF7O0dZkw,2.0
drTMOo4p8nL0pnMNEyat2A,Z4PkpJDhnfcUO0bje-w4kw,3.0
dLoUSe9E25agXphQjx8Svg,QOE93SXgKd8EsaUT-DaXhA,5.0
ysCBsXWPB-LAiewVS3jZfQ,6kkxRV8H9SQLybj0xnEbMw,5.0
bdRS6ZRxf6CNrnULnMI1cg,G-5kEa6E6PD5fkBRuA7k9Q,4.0
Kt-dsblXQnsUv3GjA_DFvg,aY0Y058p2_iWxMAZron2mg,5.0
-267Yx8RmdP6io2-qI4UcQ,IZrGUQHkxOxyDmifE6p7bw,4.0
XxyyTYuL7KrrBFg8a14bEA,A8ZXAfU9AM_s3ZWHu_HVFQ,3.0
Kf10dTiGlcnyhj8DBoZn1A,nBl_4gw5ecGzNkHyzfii8g,4.0
zdpn-MrLT_QPhwJ5-KHKCA,ttgfifuRK6svfWcXoGG-mQ,3.0
_lqJfN8BVwl6wxfpzkaggg,pRmb8_tAP5y4YPt_viL07g,3.0
_7FSSFpQgpjmRIG-6lL6_w,ZRLmQ3oAuspAkk5R6BOfyg,5.0
Hb2RzG3b9YEBlrwBWzGtCA,rhG-H3PNvMtuNdaKFcRwjg,4.0
JbNE1B8ZYo5mVXTxsTUsag,mnqJVQhLcPHtpVx_6kbJuw,5.0
2EuPAGalYnP7eSxPgFCNDg,xdL_wqvpmpNze3EUoDX9Pw,3.0
NnNdqH3DaleFtQk60UT-og,jG0m1-899xwYY3IXpTRRCQ,5.0
NhgU7RhuYYFmpkb1jlYJ6Q,ANKg6kIfJn5kRsc1HrBdDQ,4.0
BI4jBJVto2tEQ0NiaR0rNQ,odyYR1Bg2bqmp1kVlm8OYw,5.0
bLbSNkLggFnqwNNzzq-Ijw,jGqGbOt_h7NLPmEtbJDXTw,4.0
BTKtAXjPHjH5B3xuT4uiIw,QeShrs6cUNBjJoTCkJiB0g,4.0
cImvLb3Wvd5EZ8SRjKAPsw,-YWr1wm_NaAlgEf9TZzsMQ,3.0
0BaJ43WuBnP-G6fmstEmNQ,RqOgBMpKYdsEOmBVmFXe3g,4.0
7SUXr3dr1hnclTNoph-QjA,FaHADZARwnY4yvlvpnsfGA,3.0
Oxe8DXjBOi6C-cR2w64zOg,jUMljOsniegdenxF8SXtHQ,4.0
HuWEj615KvxRmjJq8JY7Ng,Wxxvi3LZbHNIDwJ-ZimtnA,5.0
U4ERp63gvcIeOis8UdtxvA,3b94MZ9agaZL8SMBagTwpA,5.0
TdbTpjfhOUeTCVBX9evLkw,EOzsAFr7eF8D4C3a4ZQicw,3.0
UYp9lazOwsIIaLwVrDrAQw,LIvXzdMJrIb6IY5Y3tqicA,4.0
Jon2aajFsTLdHUzVlsDFhQ,Nm6j_BNOFLiO_wRjPF9GBg,3.0
jHX2qMpRIg-W32vJgi50lw,BgGzWcWPwJ7pN5Bm78BuuA,4.0
LB5ViGU59ww2XRCx803t0w,pTbkdBDDKxNVjKUZ_6RAug,3.0
5Wg5OanfZ4-2dCxEo-qjsw,jobP3ywRd3QNZ_GCoPG2DQ,3.0
aJ-eXDPePJ6ZsY-7kMBfVQ,dm6sO_Y8JdKTE1ZM955yug,4.0
A-5DQIIb1YfQEBmabv-6Fw,n3a06UfiqY7HX3XD4bfVwg,5.0
ouS-Douov6w19Xly4aKLHQ,wpQsmMvdhefqIlxvRt_Jbg,4.0
GmXOSEbXy8JXmvo9hM5WWQ,hHe1mFDxxrtejXHfiysJJg,5.0
FTsRfaVbDUB6Sc6pL-J80w,RyaCGkXRXxXNeJhbnioz1Q,5.0
l6nCrx7263tb9Mvmc3yaFQ,axnI-1l2a_kydvL12-toIQ,3.0
vKbRbgAEYDCdl-xjPIWLfQ,gO_z_5FQVHLCiJjOsfE1fg,5.0
MP9-7BEDPWMkQGkTK097zg,qqs7LP4TXAoOrSlaKRfz3A,2.0
Q7IoE5m2heQKThuVq3SYFA,HaPwC4nxs6RPfe1pAQkQ4A,2.0
tNT5I9-QcljS-7w_doXCXQ,TyCoINxmCnaWVHzWUT3xKQ,4.0
ALw8EN21lby0vWtfD6JfIw,tXq5OcDNUT9boWJtaxtOlA,4.0
97j2wkFU46OOgm6ErRAb7w,w1clLiXOo-yLhNjt5jDBCA,3.0
wM7HTh-ixzNpZfTvFZmbuw,EP1do6l8hLyIGEru0gN3EQ,2.0
IKSmm5MzHF8cMhMolKaIOw,2QXVC1tsOeXyd16Qp86TWw,4.0
KG0xHGP6ozKJg254UYgPDg,Fn20yKQ2Flzt0vuM5xPYvA,2.0
xgo5LaVvc6Ci1uMkYlcCvw,04kZ5CSh6oKhI5huU5bLdg,3.0
njUgJcn8ZN0BdZdNEswRwA,xkVMIk_Vqh17f48ZQ_6b0w,5.0
jOU73K85NeMzBsqwJtfu0A,pH0BLkL4cbxKzu471VZnuA,4.0
ClcQNdR3jp91WzlEv5x_UA,v_yCY6NCwxCPIsNZR80UfQ,5.0
zuJwiAXFGQ4_Dfozybx5kg,po0p6NIro0cDrmKkcyPy0w,5.0
iQ0TzrwN4BgflE8Aozv_IA,uEfwT9nfqulvWnfJoWEG8Q,5.0
i9JyPv8YyngL1Rzl_Cmc8w,68vGFIH94olrtPi1kAEYVw,2.0
9e-zfLz93Liz1qEiRr8X1g,cPmThZ7Ugpd8eJnIObOy0Q,2.0
cO-pVqt2ZKLItpeQZi5gjg,kOZohaAywZ8GFF6YjOyBVQ,2.0
vy-hvYeOHFYxt0G7U62_gA,pSMK_FtULKiU-iuh7SMKwg,4.0
xDl9ZF3SckkZde_48W6WeA,pWLt6ID1HiMOp9QLNeuvIQ,3.0
7knsmhYRNtVunh6sNvrrtg,a0v7Si0DK4cIko7AQY4YXg,1.0
bLbSNkLggFnqwNNzzq-Ijw,sqRX-XLlhx4rs2c1TpBf8A,4.0
7qO5K6xaAalfEKCtmcQX7A,jb_QTeYTSS642UafKRFs2Q,5.0
xVfK4hxPqr57SRleHT1U5w,EyhI_N2JvQQgBypBJAT3tw,4.0
7Oe6ikklTjVBbEFw9emLcA,56_j_lcGj5X9SpM2KzLm4A,5.0
k3_0DsoOO7q79wt10t6L_A,-0NrB58jqKqJfuUCDupcsw,3.0
31GGdW0v1NsQoD5xkHlsxQ,ufmokEGxGqEWIdvIVsNg_Q,5.0
tjvcQKZPAbGp60Fl94QxdQ,NoA6bD6W7z_Aztk_cOU5cg,2.0
4wp4XI9AxKNqJima-xahlg,qQvHYQ1uocuEnFcUdhxV_g,5.0
_Y1CZq2b8T9T3d2N3PNfkA,-ed0Yc9on37RoIoG2ZgxBA,5.0
VQHGS5qNZvuN2Y78zDA2KQ,v-mf4zyMNN5oufm6rFxGBg,4.0
QdUmY-2grRyOL6u_FphKwQ,cisqOxAgQPjVVr9Yzk8_dw,3.0
k-E4s7OlRJAxiJJdaTBgmQ,IuSx68tb7iZa-aAeknXp8A,4.0
0f_0XfO2qcgNwSJAHwfR9g,yfxDa8RFOvJPQh0rNtakHA,4.0
64WaWNeYSmN45a1MdiFv5w,aNickGLG7x7AR8EwiUXVtw,5.0
JumU1enAh-hYo0dYW43gUg,anQSLdujUOp0sTCmIBi2Tg,5.0
S-oatbN-h7SKiWwkTWw5QA,U9aA5H13y7t9xWnoQslV0Q,1.0
odWhNodAZpJLzPdqCXdgdg,cT1eYUOjz5CgvZJuxu87sg,2.0
Xsuv6bKcPUVDWih0DtEBbA,yQab5dxZzgBLTEHCw9V7_w,4.0
oMRDMqk0wIni7bttUFBXuw,kfP2LXyH1misyw3wHEOneA,5.0
w5xsTd0rUnTp9wd0w1qTpg,6nMYROXu0VX4Ytpdsfi3XA,5.0
0gtEsazPeHr5rj2IAsZePg,APLfzC4bgq7wVwq3aoDE9Q,3.0
UgolKvzsn6I6SXhSiqm8dA,w2xwgqHM7dJlHfyu4ouhBg,1.0
FKclATu5-fmK6lsAUuHp7w,xtDZdPaHwhAwoo77QV9Oeg,3.0
8Ni1MmORWyvW0lJHJiqiQg,NtIUfE8Yj119F3DSPXYs5A,2.0
Ue_7yUlkEbX4AhnYdUfL7g,hDlRzzxfVkVNjnveJ8sLmg,4.0
JzxY6VQfi1APVsImAUw-YQ,Qy_tDaVTWlS14fEglzo1Tg,2.0
yTV3KHOm4-RQpClyYKGnkw,mjhwLcuoenVW8oFhcNmlHA,3.0
udpfGxriuoBdWRBdplJl-w,fQt4D34vcJNtEf8Q4zte3w,5.0
YmAqQyaFli8H9LVGhGhR9w,MtzjOi57BkQrqF8wqNOyHg,4.0
74goFJSWzAwmk69XfPqEag,dy0O7DaSUd49NZWSEtvz_g,4.5
cJ-ujlCWP0i1UZXSH7F3gg,NyLYY8q1-H3hfsTwuwLPCg,3.5
x9g-i1DsB-VjSDGVOdRonA,IWKtGvVg4hqc9rWHjW8KoA,2.0
qb-8RrNbVj-3WkXYuxpi3w,Cy8XYYDrZ5wd3Bq-toXMsg,4.0
-9b4s874f_CnznTu4JorRg,-pexuIf6nAyzhNSN6wQsTA,5.0
8CH4lHq431mi_OEDDgQ1-A,Rl6NhS6S-Vv-HuGlQUVvRQ,5.0
wZPizeBxMAyOSl0M0zuCjg,N0apJkxIem2E8irTBRKnHw,2.0
LmWO_u9v7e1vMJlNykjUoA,GTlqxvQBw13ScKY23T3gDA,2.5
bf2Twxnea_9NhIs-2lvK8g,fQFfq8C3P0Gm3xhanR8K_A,1.0
KAIG8_R5vcBt-CGUi4bkPA,yU34swtpTS8-SMjeLIEFcQ,5.0
23o7tyUGlC6FCDVcyqLeFA,Qmwfg-PtYuCo5Q_IwcA_HQ,5.0
WLNAJUlGmHUI5OEoYdLSog,L4auvKBGFOoMVqQ7VHV-Zw,3.0
WM7MFrRP-7YFuGBAJ6quRQ,p45zoSxaX9FC6JBoyw6DKg,4.0
qQRmnbKI84Up4a2MBFfaFg,u4sTiCzVeIHZY8OlaL346Q,4.0
yLaZk0HDmySN49H5l4niOQ,7rf7j0WPx7kYZj5GAXKS3g,1.0
Wu0yySWcHQ5tZ_59HNiamg,JOoblYsQjFT-47tkt6om0A,4.0
NxtYkOpXHSy7LWRKJf3z0w,mIVfDS47YwXjDjXVxAoZVg,3.0
I-4KVZ9lqHhk8469X9FvhA,HDaUhVPFDt5928LIh2v9jg,5.0
BGzavA_ddMr-jGmhArv7fg,8EZ3V_eRfhTRCjpdTD2tug,3.0
pkyX-J7RvQVIvFTZJKtpEQ,eJNHwNoCk_hZbK8AeHDZ9g,3.0
vbHlFP0Orx1mM5-uBqzYFg,PGr18rKxQ41vLkqL5WT8vw,4.0
UEeZ-eE63citRQIeqsQq1g,BjPph9SbmEfox2vip326PQ,3.0
3hWJxx8-gMutgaKY2T7IKQ,Kk-e3xC8sWiAhh1N4E5myw,3.0
G9Vb6yQ047TC3O_-GG4WZA,pH0BLkL4cbxKzu471VZnuA,4.0
JcNSd3dXmIMVHP2CUpvMHA,4KmrrhtfnngTVFa2d5LAjg,3.0
oGkWRSFBhVJgXn37KBy1cA,f4x1YBxkLrZg652xt2KR5g,1.0
tpq10k8caBbqMbqNwpaE7Q,nJUsNx-LKAZ0FHGm9mnmaw,5.0
orh0HRUNCWuQMt9Iia_osg,NVsmDL12AWwovFsuBMD1jQ,3.0
231WruJwGq6km5I8qskGBQ,tyo6QzKpnUVTjXoq91FBuQ,4.0
gKU45Tq9JJ9Z7HiZChu3ew,sz6_gKcHjtcpWKIZLXV85w,4.0
nVNG_EGrrES_KaZx3USxZg,ostVuyoxxQiP3Qik_L7nPA,5.0
ReDypdRmVA3wc-QG8HBKkQ,xmGvhfOxjz9JG1ktVAzhMQ,4.0
eTa9_Q6j_F0aq4JrLp2Wuw,Y4Zc8xLs7AkHG7seLpI8wQ,2.0
yaBIVHDxaUBN2YHQ8-YiuQ,dCPyV8XCEyE7pyUgzOCDKA,3.0
3yPrXlvbECGKHSZTy9usWA,gwYt_q3Ob7aQJIefIBsZiQ,5.0
OZR58zI5EzOfpS_qnhniug,pdTYUCGkYz35utxPyUMoag,2.0
Tl38LR3s2YCCB6r5nwvkhA,9fBwxdHyJRS1nLkMJ8cavw,5.0
jNI9GYFHzInokLpoZ_OPBA,5YKsKS3nzdkwu37ORT9oiQ,4.0
2gZrgKYdAx92XvEhpHhWzg,AercPW1B2YVNK3UsiPDkTg,3.0
SS3sFA9ksCT9bjocM3Wbug,isw3cS3hOKdKeBgi3lF3-A,5.0
8P2LkzPGV4ID_fE7gJGKGg,Bo9uuPiAsq_z02eb87N41g,2.0
9CyNha8NE-7HEgjvUZFmnQ,WeKF3N1MK0eJQmZdxPL9pQ,2.0
bkZm5pMRKzo7B5IHyAVAUQ,l8tOW5Zxxv2UW3T5t-fR1Q,1.0
XbiKsujS_qxU3xsr0xUqmQ,4t_RBsTtU7hhVYJweh46Uw,4.0
M9TjYmTgHayJ22cNkyvW_g,D2nfOrnJ2OBlX_428sKyMg,4.0
48vRThjhuhiSQINQ2KV8Sw,ajoqEHnCZTD8-8GqGLq9-Q,5.0
TX5kwQLpKUDvNf4mfdaH3Q,NUHNLaMg7aMesMdAiie73w,4.0
JADdo9NEeO5Az9aOYbyvZA,dn_ipqbm7_jUz5X3rDez_A,4.0
Xnqbsqex72_KYsOk4AbqDg,ZbQC5MCxZPg2HhrQ2VV4lw,1.0
9pbOJFanh66_QnIb5Fjblg,ZPVhjltJcQ-YnaoV-h-FeA,3.0
0XUT600cCh-fFCS4SZe-tQ,kGOr_D-LNpgZ2M9N8TT4QQ,5.0
RS5JztShXARj8kDJoDs0-g,WxKQSp2_6lQxcng703Hv8g,4.0
QJTC5x9yHycwvZwmYdR4IQ,ZGgUJmpRbh2VXftRhQmUSA,5.0
4Urg4tXL_m6nYsOt34mAeQ,WeKF3N1MK0eJQmZdxPL9pQ,2.0
ObQl16Vuc4sHPGKtzSGNUw,DLJCwHGtbAV31UQ1lnIjlw,4.0
xrvyW1ruKS0uz9RtFewC0Q,-a857YYdjzgOdOjFFRsRXQ,4.0
wM7HTh-ixzNpZfTvFZmbuw,7xmuQuhpzBlkkSbWePFeVQ,5.0
2Z29fLaeLtGnNroTuHyJ2A,dYDuaXVyIXMXlmeMYf2ktw,4.0
XZGhDl475T95mxFgdWdYfA,AV6weBrZFFBfRGCbcRGO4g,3.0
VVimjPD7f8O5D1fhy5vSpw,lWmDrnqgU6w3gFaJyn_1Uw,4.0
NQBQj7tHxETHf4PDkAtKUA,Ladt7CobMcCFZ8-iC5v0cw,3.0
4sGwJy5Oplz8QXLgD8dr2w,r_BrIgzYcwo1NAuG9dLbpg,4.0
xDl9ZF3SckkZde_48W6WeA,LGOnnrjU50YtT066RP_J3g,3.0
QGOtNZfasBwWCuawKjypYA,jF4TNrr03o1y6PNwC-TwFg,5.0
F_QjqauO7SMR1zg3r-8b2A,rcaPajgKOJC2vo_l3xa42A,5.0
_oVFknPUotEq0LM4TJ74vw,VH3WA7a-OVzFj2K_SP4BIw,3.0
uQoYEWM6LOTX7huHiHgs4A,fhoFsFK6TqJOEo30LtXeDA,2.0
jJyCZ8VtE-BOCi7xLnPCdQ,qPeHkpE_2rx7BYhJ4XmZ8Q,1.0
PsF-A4zQ2n7o1SF6oUNjcw,Pob7ibbNT29--69nxXEP2g,4.0
fbbXmHoCfd6wXMHnkjgDTg,A5Rkh7UymKm0_Rxm9K2PJw,1.0
Z8kF-Ftv2O5TZ35uGD6jxQ,lNBhwf_3c0QBqBlsYRygaQ,4.0
zaC3L_qy28bMLIvnoMng8Q,ujHiaprwCQ5ewziu0Vi9rw,4.0
D4Yywoe-WrRw-evn48vWng,w4yq1IRk0DHQE995giqjGg,5.0
VkWUgLZkholyRWagwDpgHw,CsSpPV3haN5fXiqLNN-RlQ,3.0
CcDDOchJQ3z40v8TlSwWZw,WbJlidbpXWEfo9DpLZhQZw,5.0
LNvGtveRK1APrQ4YXLNYHg,F2pfjAZ_3dMTGCKv6c5wOw,4.5
a3yOeL5b0lzbo1ORHF2yHg,xJzJpTYC_1k_EE0AWTOPXw,5.0
-m0KTRk0c901-4b-BN34Gg,-63pZrN9eEFoi-avMMx6Ug,2.0
l-tDF960t9BakjyH34XfTA,xSs1Z1OrWC_KmhY0SPKJ1Q,3.5
puTI2HTposBAw95DG0LIIw,mjDo6APNdY_KHLYbS1BeHg,4.0
x3Z6mJPgtnF5ni1engieDQ,RbrZJEf8TlnP7RHaKnCtIQ,4.0
-vjSUjoYYROCHImyLenDNA,e0JOkQYz_cnz91k6X55PLw,3.0
73epOyK2X_fHGyCQ9S1e4g,NXcV1HuXbfus0QNdI6UpOA,5.0
aIg29snwGTFBzkV7HtDHfg,uP3H5bcsiTXM0k0xQhRndg,4.0
7uSp0cMPXm3R7TmTg-nAXw,_ruizXa-KyFO5mNA0p3nBA,4.0
-NwDw6HgVpA4ys6WYcI6Xg,8g8HWvgVT5M07yToLGWOcQ,3.0
N5URmpyygDBSC_8UShI_6Q,vHt0CSynqesXox-9nBj7uA,5.0
Lb-W21R8P4AdQyljVxY21Q,yMeyFt8ktPvzN0qFYLljMw,5.0
zTK1nPD2Hpa-ksSXsE-JzQ,dCUuzw3R2rPqKyN2Zl9zRw,5.0
dHRchS7reL10P-EpYXYUiA,eMz8i2LpafE6D-ZhzDtglw,3.0
JL2Ogxq70suesQqDY47YUA,0mGYvAFGxH9bGRqYHxS0BQ,4.0
HABiMjY00isjIoIHGepX2w,owsVSnllxn994EpBR8ZFwQ,5.0
fSYQ_oQ0wNGk2nMJLvNZJA,ghaj1MZzPW1qXYCZWfoTTw,5.0
O0evs8847ecEkeFMEuK4PA,7XcOd9PdPgiQ6e7S5MMwZg,3.0
3uWCWMWcrn8YSH_qBvlr6w,o65tYlxYwa8xkEoMr3HwWQ,2.0
etyGh4GyR-lzPuvjlHDkIw,tIiiq23utFKTs1At2bVD6w,4.0
U4INQZOPSUaj8hMjLlZ3KA,6Z6IyosSMciZtwk8hRLRag,4.0
d53XPbuax-aS7MuH29zIGQ,5kOI2lQTcFpFI3Lt-TX9gg,4.0
Nq6e5N8bjgD9B46O4va_zA,uthbVCNZqmExJTzhII9iNQ,4.0
rp3f9BRQeJPIE0jMd4OGBg,awI4hHMfa7H0Xf0-ChU5hg,5.0
0FMte0z-repSVWSJ_BaQTg,NCFwm2-TDb-oBQ2medmYDg,5.0
CxDOIDnH8gp9KXzpBHJYXw,pgomg_u3H2RtEVUYUcngXQ,4.0
qVRavGPFSpCarN21vCOHRw,PQER4ba8Q0zqB1G2QiXamQ,5.0
_oCiEDUZqu91P0Tzdl_wMA,nQe4TPwn3iGiWlRWqguhwg,4.0
4wp4XI9AxKNqJima-xahlg,0lpT5sj09vUfDp5zUBwjIw,4.0
eYW6HKDCOLAf1COkxhVG5g,oVrvzUJczq0e2JzVxSTyag,4.0
HRyFtrmf19GTKEM_kOa2pg,Dd9l9bDHbACessxl-Ks4UA,4.0
ol41034oA4J6R-IpokhxIw,3KzzG6dw5aN9eIo3cGHaSA,5.0
8Az_JgEpXqAii_5EDkw2tw,1cEtxHqi2aYNmu949sK6Gg,5.0
2JjI8DCyrpabtg36iL5lrw,X8AGCsJHw-GuTqkzy2J3cg,3.0
kZJWAY828P8QZTqVYzhTCg,8WBHKj2davW6hhZWlUQ7DA,4.0
keLUgL_4y60BkppiAsIk8Q,iwSKt_VNOsflxngfOJLUaw,4.0
ovFBhEt28yMjW6hBBHp_gA,zr8Ojsm-yNhvfTzBzcKU9w,5.0
jHN9V2Wr54ItVRrLBRaJQw,dMGSKkHT7f36qJfDlgWbzw,5.0
vS4AxqL42Y7r741YOJ62_A,G03yt8WuN1v0bCD8mvoDiA,4.0
rR3KgAwuJxk9Roz4J5_jtg,_uozYXJl42wCax5HG5kU0Q,3.0
GOTjwdXD6bNZ-_qjY7GYYw,dQ4pxV6AxBaD3X4gssg5zg,4.0
Zohjr4ZPl76vryPqiQLJ4A,2mdF-c66TY3eSyTVI4GhQg,3.0
CdJMYUdSAYu6ZjpgOenvnw,WgBV0Sm-yNVgfI__5m1Bug,4.0
53bZ_EsXH71L7iFs5MP9_w,nDKcQkh8vZkY_u1kyww44g,2.0
TibBhm-fbksozIDFD8wjPQ,Wc7Hld-DTJbss8CndeIylw,3.0
qKpkRCPk4ycbllTfFcRbNw,GuAa3tTE3zSr05sUOQYXzA,4.0
2akJPb9X2HhDsM6sOi6b6Q,1gQrMs-I8oKg2p-iRxznzQ,2.0
cqy-OvaSX5fCiL6F6_Rffw,CyU3l-0QfH2boVmYAP-o1A,3.0
rHgT6lBbZ2PaHt0UWfTMtw,_ixV2SWDy7w8jzEAHp85qA,3.0
BQkC6RneYfvfG6wRe0hsvQ,p4JsD_Ya0NRXNdnhbVBs0A,4.0
B7ygjO6fbs5IhW2ykL_MQQ,3WcVxBOl_gWxpRjkdLURSg,1.0
KdQq5g7AjZyCrB2gzwHsmQ,UMqfeCItzQ2glr4d9apGlA,3.5
17-uzTJOUMH6Betdw4jqhw,qfj5Ih8-6RPF2ccvNGvCcg,5.0
jXX-G_goCYZZrLSDY8qXdg,wjLgM9Ybe5shoUPRrGMmsQ,3.0
Du_IfiiJLU0ReeRetapkzA,SDSDJp-d_qUibvLF2FfsCQ,2.0
c3_AdjAlMy4EJYQhuXADgA,Vsw36dEKpusmpwGsZH0pAg,3.0
YL-2pybeWGmSWssWeMaffA,V3hRG0JLX5kVkmKpTykBVQ,5.0
YfcXpAQtz0n84aqw_CtNvw,y6QP5IrOJ7_FsB51jN2_Jg,4.0
lOu5t9HG51UDqm4ahVatqA,XXW_OFaYQkkGOGniujZFHg,3.0
4H7IhaCeQ8YMlqW4NUxvfg,gG9z6zr_49LocyCTvSFg0w,3.0
B1829_hxXSEpDPEDJtYeIw,g8oxQ1Ji9mr9PMjhEfaWSg,3.0
WtmmtVkui7AjVIZvnqQHwg,HTiupfkYLtdXByDPG8z7KA,4.0
dh89cS09n0337wTvdX8YLg,41qxBQnPkMZ2ODeACQ1BBg,5.0
tKWTNMd-R3G6VKVKxk2DVw,z45xS0Kc6GpiITwrpkRVdQ,5.0
mZRv579CnBtG--OheLP_bQ,nz8uRlnveku1C3t-Lripkw,5.0
gdDTmvbfKLDYLUnjRrCcaA,NFMD_-wFrbfdhTcdHPDCZQ,2.0
TvhmBjJ-Tq_CEScxQAfe7A,8kbhfg1xtRO88h-Sa0kj_g,3.0
zFvW-hvtKJ7AAj_kZNXsBw,G6BwYw_0_atLPTzI1uokIA,3.0
kodN4VHOHqvq8Zu2LSbxLg,DYuOxkW4DtlJsTHdxdXSlg,2.0
Ner9deZ2TUFxdiRijBpOjA,y4ETe3DkcIjjr_eyeg5U5g,5.0
TvenTNXyYtMNtED0i2tXfA,yY3jNsrpCyKTqQuRuLV8gw,3.0
c7TTh6A7ELnkNThQ5fmWMQ,D-8yidw7FLKKQpciKJSd2g,3.5
UVxY0iyPaqY7s4BSFtt-xA,VdgLaQinAvwzq0HutvRNiQ,3.0
eTa9_Q6j_F0aq4JrLp2Wuw,LtNhEt9TYEFx5HIhwOxfEA,1.0
NDfcFPPzHqvnCu9rEg2GfA,naPGOTVEpRZavvn9-sFg8A,4.0
kxz6Q2AERQeo9x6nnbHZNg,D-8yidw7FLKKQpciKJSd2g,3.5
yiKkxcuQdB04PVUW7OgtNw,IE0QRqaUSW51RmShZ9dX1Q,5.0
sMhvlIPGLUlRA7QsWlqBOg,UpbTdzW9OoVrnbpHyxnMWg,3.0
0aGMVKiNqmY1kCc5983UkQ,E_7RIDFNQfxREnI_E5h0uA,5.0
TyA_1wJ_irey_D46gfdppg,QnCBkwWiu19YPNnSDyF6eA,4.0
q4O6ty6-tMeG1nc0Vi4hAw,PZqv7Km4EG36_PYGBLz7lQ,2.0
l-tDF960t9BakjyH34XfTA,NwWYSYGHFyHQMmsXu0SiYA,3.0
QUYbGl1DL-9faG150MQ7zA,7svPiqFz7ad82VcdDbBcJw,2.0
VtiE3eXNYtH-tb0aFCF1Pw,svdEhLmNmpVaIv1WLtoOvQ,3.0
DkCIL93oNibJqtC1vETucA,1CTapYK3FHvpiJaQhOaaIw,5.0
tXhscxwFTd-ayLTdPx_2yA,OARQDsxyoGnnX2FfSl9HjA,4.0
XjaUelnG5iCLtPJ6LuYWjQ,R54Sh5Y3zjtZt7MjdfwDZA,5.0
_GCtk6kjbArSxiPPLlAfMA,b4LmLgVdbhM-nc1IZc5Weg,4.0
Xv8y_zfjJ4bNnXbNpAMccQ,TU_Jyk2KmWs7br2w_vYO2w,5.0
MHn01HpwdCeaN3NbOVp0HA,IxDYVpjEeCxZ8HsZnthvdw,2.0
JRwacA7kVVeP_L42hM8hlQ,0PCBt3JKD6IooicImKNBzA,5.0
RyVpd9WTfCC4puHIL8x4CQ,A4NuAm6Ie1aYOtFQc_rb0Q,5.0
5wT0vDycEzgq95yVCZ60Aw,uyoZHZzHaZpqMzXovJxDTw,2.0
YIMeEHUYm69m-Mqf-NjPHw,_ewxwEwJM-IYfIYnKpQOZw,3.0
IKnLl7SbuP0u6HS34jwHhw,SvCjBtbN1cKElDKPTw9dOA,4.0
fjFYpwpvlIlqoiNa3myDEA,cUxsG0rgpE18dMyvyw8Gdg,4.0
4vO8yDIPyniPgvqklaaaQQ,1HWH_BE_wMfX88cRoH-NCQ,5.0
zo2vscKNvDzXWj7YOrdJVA,nT5T5C5kqtc1pQrFG9s1QA,3.0
KAsmY6WCUWRYQXE_50AkQA,ZwuHsufvw1x5rd2c-qyw2w,3.0
VVm-TFCpi9M1-k8ED0l1eA,XOkqRJBS6HwTVlrCACAZFw,4.0
JrXC_MDp38BWwLn2SFdNsA,jC3TqY8iKDlIG3hPREBsFA,4.0
XEH2VtVx5ZYATKEM4jZOXg,rf6dGw5e0PtMBv-k0Tr00w,5.0
lCYaXiAQVY6vq2awuO2Siw,Sovgwq-E-n6wLqNh3X_rXg,5.0
U4INQZOPSUaj8hMjLlZ3KA,Y1LB0uDuJQ1jP5usRdsZZg,4.0
9bZRfbCsuqatVXJzbYSrzQ,Id3IUgbdciRyo35Rsslfkw,5.0
3XSBHH432euFfSq9TBXXXg,prHnRsgY-PuM7vxe8-RwEA,2.0
lFFIpfkox55FQ-wZD6BBVw,ydcNlRMKs93AQpOhVkSrGQ,4.0
ESCcbvs_p55nukBzCSCFaQ,CVKOPzBVOj3_apFUmZ9ZWw,4.0
4wp4XI9AxKNqJima-xahlg,MtjOk7u7sp3yWyzscAIG4Q,4.0
SRSmzTPA2dX2Zpfa2uE4sA,yet25pliTnLGSqEiNs9k9w,2.0
yzwOcVyWuXQpmDlPXWw0Mw,euYzQerd3RU1rEC3yYilpQ,3.0
Gj5Dzcp-r794xHGRmoRKfQ,pi4FLFEOn9AhNUxiLbBeHg,3.5
Jt1zgNmwz_jheOSmEsljPQ,B70iTJjcPkuYn8ouUewWgw,5.0
-gQm-IoK2_BMEMx9OgtQnw,tEaW0zgsYihSTjysrpXaWg,4.0
ol41034oA4J6R-IpokhxIw,NyLYY8q1-H3hfsTwuwLPCg,3.5
TaVGX_tjR7_KTy3kbN7fnQ,8P9TthU-jUir-kAEaj7ACw,5.0
dmXpg_unok3cL3eW3RI0fA,X9ftU-exKhTMOjtr3B52rw,5.0
lOu5t9HG51UDqm4ahVatqA,Az_60nNuh1FH8Ds8oasZjw,5.0
at0QjRaQpVlhXT8SbjGE1w,VRwT0pscR5vESCrAnUpNwQ,4.0
lBYr_iY0idEpsVEQkaEBmg,AiwkoTWc1egLYauiZ3SC2A,1.0
09QcQYf_t1NEq_AkjJuABA,QlAPX3c0Vm2dU_w3puIAIw,3.0
NTtgQrb8VGr_xKePhppqjA,7o3pSUrqqmGSxDlthpL63Q,4.0
kbJeRTki8F984KdOlibxzA,v1AE1LLWDOqe8ubOzqKADg,4.0
kzRq4H_nSf4b3F_sdymWSw,P9srGF_edclaYfYZjy_kgg,5.0
WvntDWMQnaEV8agu3gcTug,Cni2l-VKG_pdospJ6xliXQ,4.0
PVyZXgOkVtnU6966FDFhuw,WvC9K0ZEOTbR7fh-LNe5_A,4.0
_O5ajREINPG9zeyhW5Dmqg,j3IEZP4nQAt7fkxmerLMbA,1.0
krJw8HFQMl2lP8fbHvEGuw,lja35zyGpcmVrhCTWwVgPg,4.0
3w6Gaq-SiVJwr7BOSRcu9A,rbH0HuTcBvZBbiAnqufRqQ,5.0
uz1_cds7yyehTPYnrArdYA,bjllusUsLq9zE4yZnLpOzg,5.0
N_LyFYrey_LuxJFkdFwRkw,LQBq9du2mcxK-RndgNofnA,4.0
nFgdvXE0NfqQodRq1xICaw,boug058JCnbFkQp-K_fXQA,4.0
UmTMCfPlhA6kJLAsLycSfg,kM91Woq__EKVzLjo4dOTaw,2.0
48Jn_3tJ8iGI-FotO7pWVw,pi4FLFEOn9AhNUxiLbBeHg,3.5
LgFDWZTLi1w9OGi5BtKORg,KbZNY_lZRNp0BcWbwalpyQ,1.0
XTBfnHWtAgq2YauG06HIig,sFRN5maBBOPkXYuqLs8ueQ,4.0
CrEBVkzIQs7tS-wWfaCjNQ,p4JsD_Ya0NRXNdnhbVBs0A,4.0
xhhE0txKwQtRzgQVVdKkvg,epETdeCmoF_-ufT5b8ACUA,4.0
4WoAauE_v-vwMuQ665rMyA,Uq-GOs9_IqweUsB5MdII9w,2.0
fLnkI1uHtXEsjtF6KoBHbQ,i0ToFQWsWPzFEC1eAxBh6Q,1.0
-ILapEusonY1QHyJPvUk2A,XXGzCIcxzAZ6H98mxZbdqA,4.0
7Oe6ikklTjVBbEFw9emLcA,1zMzkxYgVqJbKGTMQorarA,5.0
uf1UdKswKWOqFLUvRvvbzA,5SvxGnwZ-rzJ8eB9eoUEMQ,5.0
a2SODwNOs5INpZu4Z0E05A,fjjDfZkChBWyCtbL7bvb2Q,4.0
mLJ3zQwiEzAIBaXb-7iXBw,IHhNASV7uADdsbiTKk9U1Q,5.0
bLbSNkLggFnqwNNzzq-Ijw,igU-mCXzyn-gmwSzJgeMEQ,4.0
LTxiFtf3WFiAiWMJgZpIXg,-OxDX2fPQLYi6ChW2Z6xxQ,4.0
kmE8w5Y785eZmodsx0V6Ag,A-uZAD4zP3rRxb44WUGV5w,5.0
mu0HokS1Ly9_QZDRHEPQ8A,bYGn37k0KgleABKMWgjnMw,4.0
cK-tsr9qzvDzq0UjmvDsuA,yiUbGDvEpYZd1Z8S1SyNvQ,1.0
GmXOSEbXy8JXmvo9hM5WWQ,XOVM5rcZiCErA6uzttBnJw,4.0
4N-HU_T32hLENLntsNKNBg,MTtI2bqoNHN_0m2cHbY2ug,1.0
x9gFy2s_-9R9UBdwvY359w,wNRRF-OaXo_U2qZFHaM1rA,3.0
Ec7k5Nxp1rohv1f1nMU_ig,vl1aHp6pvnSmpoRQShWLjg,1.0
F8I0FAZxzWJjcLoajsYK3Q,-TjzQsimpriXVYaH3HdtQA,4.0
qZa2urX00YWHs-jRcWgUqw,3glVZZh_vyZH1VvPU0307A,5.0
pcv-MEpcI6t4_ytr49LFpw,0PCBt3JKD6IooicImKNBzA,5.0
7Oe6ikklTjVBbEFw9emLcA,vA-Cg89iGNslfgzACk88kQ,5.0
renPzRDqMZpMaHiCD_e1_A,j44WXPk22-s6MtoeRiFlNA,1.0
xnLliq9Majlk9i0Orf7Iig,gCbS0X8w7vZ9CLWvMNXocA,4.0
Nq6e5N8bjgD9B46O4va_zA,i--dxuKd_6Dx7mwgQ5nl-g,4.0
rGd8YUtvhSdMm8-9cMdQ4Q,8YG7PRoZuHeKii0rtNvJFQ,4.0
r0GLQAawvHXUd-xZow-fWQ,QFPS9JBNdOOHVP0C3pSslw,2.0
yuhu7mu_VZeCOvKLRT-G0g,YavRvjbLsvh4DYDJPAfJIA,2.0
0o8HUzggoNKay9-ZMj3HqQ,kqEjBvWOgnitmH4nTTPuJQ,4.0
x_kJi2ozLPgXhckevtjStA,p0iEUamJVp_QpaheE-Nz_g,5.0
TFWX0c8ohwSpeMEcL3sgow,R1YBPobZ-EtNeY8-goCMaQ,4.0
HRNysSGlkeq-Fjud0k0Y4Q,DIUK7_PjGCOMcpS2fBiALg,1.0
k4M43lXJuQMpQW65DTqzIQ,LB6ZyCfUzeX9OLdunHhnOQ,3.0
CLbpPUqP6XpeAfoqScGaJQ,Tm2dKN_-DCdZfF2xMWrX7w,3.0
Kgxvv4DFWimTD3DlBhjbmw,fPX6XsfCPWnJwCyxsBVnxw,4.0
QKfZqCzMdAz9CTYrhC5DjQ,VvvMc0CsPx8KPjm1BHt6Cw,5.0
gPnezUoB9AcxE_qeBR_Dsw,bvow46stEejfxnnqEKTAyQ,4.0
ZD76B53WiEdv3g2lNgTbNg,qnFdBp12seAxwe2_iHM2bA,1.0
zh8-XfjqlwAxf--RS4azzg,Fozo0B-y42EhRMomR0K5vQ,4.0
-EJorVxe7h2GSxdiRyMmDA,UFn1moo95-PBzi9wWt5FGg,2.0
wW72FaqNPv6pdBC6AUqvcA,y4ZLQ12cLpQp6Gvo4k4kTA,5.0
kX-oTXuluTVcIcNVT4g3Pg,9TCzxlrOZSIFcBlvHIUgFA,4.0
kmE8w5Y785eZmodsx0V6Ag,n_K2xa_nqzUqaUJa0S_5tQ,2.0
EyYVD9n7PlYYLTSEQ5t14w,DLwpjhatiSRN7QqZQwokSw,3.0
iqsUoSxTpzAxt8AX8OgSZA,35fWtS1LZkaZ-ooKupJ1XA,4.0
q50PWB-QR1YCHa60kagzgw,JWDiG0nSsM7GQ9QFRTxU9w,5.0
ywEB0MB_2U11NIGPs35pew,fGt3udZE8r9JkbfMZnawXg,4.0
Yvj5Hws7hkHriZZuxsjQcg,tXqaK0lBEE1XJbzDPsdFvg,5.0
43mw4n9eZA5o8_hiwZIulQ,MNaPOkqm2vKeNG8EqkZWCg,3.0
BipjQEgycpXNeWPq33_ITA,Q0G5BrPcz63f3eNj0dASIQ,5.0
CKRfBUqQGaVCYTKN5kDrzw,bcTwvbD5wfMSgSO-YczLYw,5.0
YMgZqBUAddmFErxLtCfK_w,qFZ7ReYNpjHuvSxOqXqHMg,4.0
Dp5OlBr36QA-0e8ZNtczpw,hXY9Yq0nOLgHsWLbjam--A,5.0
E2KGXeUO6jSLFk72fJAIqA,w2IE4nbufBqwrub7CW80xg,1.0
ng0ehgaFxEQhKdhJPg316A,pybIuTluqRhH_BQ3CJHlLw,5.0
bWJWcQyDKtFSvsTW2tR3hw,igHYkXZMLAc9UdV5VnR_AA,2.0
_ZMD-Abvm-DHCmsOF-f8FA,FSnqO-YWUdRb0Xc95nXbvw,4.0
XbiKsujS_qxU3xsr0xUqmQ,LU53AhAlVgUiCsVfZy872w,4.0
TUPWls9n9iXFRgHVg2FNMw,Iojwvqi475VZ7n27LGfnBw,4.0
g4GA0o1DRARHKGhmxkiSBQ,kosTPb88O4Q0XGbVbEOGCA,4.0
135DbbQnr3BEkQbBzZ9T1A,qHseX2NHeUUedIgs_VasZA,4.0
ecz36SJvMT_zjiIJ-K4KfA,semizMsHqDfT_kOXQITSOA,5.0
xP44f7NXOyRnTglOL2JnCQ,XlbDdblfNsOGiZ84CorRBQ,5.0
Gjv3ERasrRJqtEPa7ZMUSw,WDYE-OCXNgKyXGNuBjMgEw,3.5
et62V-QAUVHTtj6XMq8AUw,X6chSU0KBGHGNxZ8UH_qag,4.0
_W9N0kF0qERB3deAcDISLg,769NudnrUxWFtJCGU66A_A,3.0
0KeT9NKimYkHN0wlrij-dg,sP3MY-Tyn2MxOj7E84-V7w,2.0
U2N1EymyF7f20UVfR6k5Xg,bLi48v8Div6Qm2Fyaw0C6Q,4.0
VOkQcsuyQzUeQxFBsQo91Q,axnI-1l2a_kydvL12-toIQ,3.0
2jKzO_01d12oiu-2bOYcYg,R7eLlAdeIYsxux_Vm0l5sg,3.0
B2h9-sbWmmVx6p3c8OJ3Lw,P3Wk4UFYZnPa75nCDfk87w,3.0
2jKzO_01d12oiu-2bOYcYg,YzqV61exMv__mjobBV2g7g,3.0
1jwTqZYsjnY5f9c46YUArg,f_eiOrEcMnkHB7GvQVOHkQ,1.5
Vc0SrTF60u0uAI1OgGSPsw,nF25dferG_sEndO6wwOl-w,4.0
i1-sgxLbUNpVq2_3bNnZHA,4k3RlMAMd46DZ_JyZU0lMg,4.0
6ZUqLWRcu1ZuhUyZK1REgA,VLfqUaw3rXg_aF4NfZ0L_w,1.0
x4TwK62HyLeO56zGsSN0yw,JmZj7wzAJ7_4ksjG9WXdqw,5.0
GkbaBeSGvt-UmIcefpEARA,F9_VdKmPyvEcqWSVVGkNNA,3.0
VBN3oWpjUsIVhd3eSmxGwg,sLxbYuDP41cMMCsov0ULOQ,5.0
JrXC_MDp38BWwLn2SFdNsA,zLPs4wSjtfZxVy3WByt00g,4.0
E57wz7vsLNPtRPYmYqI1ag,biFv9mXsP0V4omBUy1Z-MA,5.0
vInhYl7i3v9UsYkmcm_ZUA,JZ4ZRdRSllhuAt94tFCH8w,3.0
QRsuZ_LqrRU65dTs5CL4Lw,m3A-UM3XRo8Jql7Sq8Vhow,5.0
GqJRlbga27rUpolN-SP9Ig,zPUjrM223oSulvRRhpkAmQ,5.0
JVj_69zYnmzWnUY_U9YgSA,M10n-ivjDkkdLaxIYNafFQ,5.0
3OJEa4qXzjSOkD_Jqz8PLA,2TwN6XsKrLPvgTeYNEqVXQ,1.0
TQifqbmeO0Zc0Pg6jqZdsg,hroo5nOO8b9QhHX0GLg7oA,4.5
6z9ERfBvRF3HOXLNTNkdpg,PGCmPHJdeAREQKYbhBMA5w,3.0
HFItzRohDHZvcKDrM6ABZg,BevY0RqrIxHOgfd8l_UWSQ,2.0
L9ZJpCQgXzfNXiJI9ahyZw,ESzO3Av0b1_TzKOiqzbQYQ,3.0
ZvmC522FAwxt8qT1jxqliw,xSs1Z1OrWC_KmhY0SPKJ1Q,3.5
39VYc2nWSdvdTCldsDJ7qw,i94oLnWAHHbKw9zrOT4Oqg,4.0
SsBkTZzGKIY4dvGQXj1z_g,hCfp6jF1yisOfwYO-88e_g,1.0
22OBHgW9aANX3vG87A-RSA,uCi2ropZuhG4XVcMDaurAw,4.0
UXpTrzITc0yg08sXftsa-w,UCKeRO02Er8AHLWQlQ3IuA,4.0
BgF9Iy2wKPLYAcU-1Kfq_w,hroo5nOO8b9QhHX0GLg7oA,4.5
o-5MEqwSsiHKiPNL09e54g,wrWGsYm9NwptTGN9gbkGSA,5.0
fiGqQ7pIGKyZ9G0RqWLMpg,JhRxDdmZSGDG_u7cGxaYrw,4.0
Xxvz5g67eaCr3emnkY5M6w,wEY7VsIFD6DtLW_wi5PKLg,3.0
AghKXr53xNvKjh_A5Ur1GQ,uFTcyheegHAdRobLf_4Siw,3.0
zdJ5RyU4nUWj8bceNxLrZg,OshRlnBMt5r5UNThEdxMRA,4.0
Sme_0jk0mJPWIMjGzKqBbQ,jo8N0lMaaxfXlYtD5wQbkA,5.0
Se3XL5Opy0e2cHbxxjs2ZQ,fj8L3IWG9XP_RcVEbI-uzw,4.0
oXvYpri1ofscaiEqmCjknA,fzHBvd0HZm1yB3UIMqZ3bA,4.0
EMo6jQHr_VyMfwg_9BQosw,ozMd45nXHTCl3mdOwouwlw,2.0
F3St4qtWbljWfhmb6Da_wg,NvKNe9DnQavC9GstglcBJQ,4.5
Du_IfiiJLU0ReeRetapkzA,s-YJpfR-LFRnH7qYVFuJuw,1.0
K7W2UaUGJvpbqiqObRhQQQ,OfErL1qfNmgTF4375veOPA,5.0
PGeiszoVusiv0wTHVdWklA,VUADGMPLJoWqhHb1G4LIcA,5.0
mJEgcdJj2Bw8T60BHvKvNQ,VWtT4DKxQ4YVRWT88Z5SMA,3.0
Tf7APfEzH-UBw3r3p5JF7A,tDXQBKBKN-4kJnCL-BqRbA,1.0
TibBhm-fbksozIDFD8wjPQ,iwFoA98-OgcdXmNS0LxNOA,3.0
wXZS42D0L8hoCiSh2Krc_A,364hhL5st0LV16UcBHRJ3A,5.0
CSe3dRei3fAAmfm64vm0pQ,TokSC1vjqUZtncgYG8lLKA,5.0
aWXGwath_dSGPwNdFiy9BQ,ibFdignja_hNpgCjDYP7Ug,4.0
qjTG24J-UT3vs2fuwTJ9vw,y0TTPR0K5iB4oMkgVUH1ig,1.0
AmMd7xpnaf8axS_roCBFRw,DkYS3arLOhA8si5uUEmHOw,5.0
PKEzKWv_FktMm2mGPjwd0Q,OiqDNSdnchr8zQhiMSInLQ,5.0
alUuOskFSl1bODjnce2PpQ,6frPvwX14wDH8jju64ewRg,4.0
KuuetNrABbNSApB2BkpaVQ,htQgj-ANQpZGpIpkkrEmyQ,3.0
WQDG1_b28izxQgj061FD2Q,vC99Gqe6d7OWCngF3rqqDg,5.0
IVTJIQEWwgZZBZjVtguJDQ,Jur1iiejUFw_YCkfDfy1gQ,3.0
Z7pFsGpIyLzMTZsXjTFF1A,myPHtskr6HHyjkiey9hCAg,1.0
PD3X7S70zXHeOx1NjeicjQ,99SN6hku1PToQ2E3-4h8CA,5.0
69xsJFjiOAd8Ld7WWk_tEw,r_BrIgzYcwo1NAuG9dLbpg,4.0
7Pxx2FehELyKthPj0OY1sg,_3FxLxdg1unUQc3QqIgJuA,5.0
JLv2Dmfj73-I0d9N41tz1A,NOz8W_cUV3Dw5yLgFkKLGw,3.0
VZRxANvyTm2ixS6jYDGgEw,_YUcCnJXjUgkS9fSnNi0Ow,2.0
8g_iMtfSiwikVnbP2etR0A,kmGXnOfkBldRQ_ECXytFUQ,5.0
RQLoA7Z_M5T8iYnsFHwzYg,MX3TL4-ij22rLFBD1XjKGw,5.0
YVaONBBT9lSJQwBPWCB0qQ,Q0cecaxOmJZSdxsenqFqgg,2.0
eynu0uJEon1ORH1nIf4pTA,8qnPy-4QV1VGkoeu2LGa9g,5.0
LTxiFtf3WFiAiWMJgZpIXg,mfcPR3V14i-GgkLlVtnNfw,4.0
zox0bzk1LvmLb77fmcRjUQ,T2tEMLpTeSMxLKpxwFdS3g,5.0
Pli7LcquUlzXGDnqIlZqYA,03oEaHPyBejuIvJSn2OaYg,2.0
bVTu2_lx2j8G8SJZDMDO8g,ugLqbAvBdRDc-gS4hpslXw,4.0
uddWmfMhvMYaj3Uog3fMjw,a8pmtlVKf7NiSLI-4KejIw,4.0
L8P5OWO1Jh4B2HLa1Fnbng,Fi-2ruy5x600SX4avnrFuA,3.0
3ajYEDNvhbmk8AHVObIDhA,rVgbF-_nZSeiCQQcCH810A,1.0
4xyYBC5MIe-GfDj6kAdAFw,GTlqxvQBw13ScKY23T3gDA,2.5
Tsm8VraTp5OGyVALtUiCeQ,YzlgswAwmpkMQifS3-YQTw,5.0
WM7MFrRP-7YFuGBAJ6quRQ,JDZ6_yycNQFTpUZzLIKHUg,4.0
zx5rdBK9NFZrAglIXF1LiQ,fL-b760btOaGa85OJ9ut3w,4.0
UmTMCfPlhA6kJLAsLycSfg,Bf2fuqWbHd3L-X69FSMvmg,4.0
UsmTxWbobLsI6WR1Db0W7A,WtO8eoYmrc2_8kuXanug2Q,2.0
gk8l75GLFUsFr0kS5uLtkQ,zU9w_xRlQSRIYXxGo-HSOA,2.0
7tpZVkiYuMbDP4-NufK2Iw,FfG8twx5K18y268Gp4dSKA,4.0
p57g6VncQmZdUVzvjQls4g,nJBwEYaulNXHPAUP0OBRtg,3.0
rPbIVGuIjmxHDw8ChhTsrw,yHCoJZh5nx0Onr5xgMaUHg,4.0
2vJ2e51kdbdAmAo_HTr4KQ,QePLHlU8MFaU2Sf9dzoLTg,3.0
HkKyQY5bh57z7vhmFAZj5w,lyIHmlIK7PKwQeGyR8svJQ,3.0
2Ty2wSzp-qumjUL1dL-1Nw,Itc-dI_qZ696GExH1iAuRQ,5.0
vpvW58vXP9xuOsWg-OCFxg,IMLrj2klosTFvPRLv56cng,5.0
u7t0AEo7nJsV3bLGY_ndTQ,V_V02_im07PgRHHXzw3F7w,2.0
M-xJMhi-HphpWaD2992K3A,4v4-h0rAl5XZY1NCpHU30g,2.0
_8rzr7qDW5amEsUu1a642w,FJMMPL3pxAPYGEPB0Hwlhw,3.0
C2C0GPKvzWWnP57Os9eQ0w,5YKsKS3nzdkwu37ORT9oiQ,4.0
CIfb8avje6UhqQZaF74VVg,A3_vuIaztxglSZyeOWNXeQ,2.0
rLl5jjjUK1crVfzbXoQrTA,sizDIacOnwzgDjKuhyNZqw,3.0
ZB5IDns20frfEJGUW1h6VQ,26t8OwTtNwxpsrPfsELvKQ,5.0
ahBUJmFUedHoFfgtcfzqSA,hDD6-yk1yuuRIvfdtHsISg,3.0
wdeWt5VqTW26PAeQsVg73g,OuetgAKs90ce74ojny3nMw,3.0
RQlnSCjuqMnhR3Qk6j4KoA,FNe5PPA9pyj8FjcDefCBpg,4.0
7-WeMrvOxCH3oJfEWkC5rw,__pTR2Zcmofr_1FpAaQZhA,5.0
FAsoP7gzkDmFdP-eYuysmw,KskYqH1Bi7Z_61pH6Om8pg,2.0
9qjLfaAqMxgfqdtTlPwRUQ,yVanb8fVmGtQFEYw05lZUQ,4.0
SlgpAnj2gQd44EM_Uq6DkQ,6BcIG-1lnc58bxTlxQq17A,1.0
SnW3DwEKu_LWeuYnS1AMaw,gTlDDzDEHyDQ6iwjNhpI6A,4.0
U5YQX_vMl_xQy8EQDqlNQQ,2YsKefH250qxg28QCyEWZw,3.0
nHeB0gl19LY7zdsZjn_qPA,RnAb4KkRDmWUBWhhZhugZQ,3.0
-PXJEs_9T0lRKpssxf3otg,3aRt8JPhjkfvbhqb3kJsbg,5.0
E1szdQHhFDwO115pGDh_Xg,hcjnOtiW7Bdym3-7PaLUzA,3.0
qlC607Cyp0Mj91vDFvkp3Q,HrZthBWIpMna37S22odfDA,3.0
6pzA8EDhHgW3A5-rBObhBA,DFbJgIEg-lG7fSc2LPC5Xg,4.0
